{"AgentID": 0, "GroupID": 0, "Traj": [[0.0, -0.05081347671624542, -0.12252351061938524, 0.006014752420747671, 0.04125184754239381, -0.14344304471991684, -0.18784212801077863, -0.14411011491300996, -0.08290432211407936, -0.05412992712435894, -0.049908069222397065, -0.06020625852384527, -0.11955318374612621, -0.0896693865573445, -0.06724488234755749, 0.3408096000418817, 0.8044949372899859, 1.2664420276247461, 1.7471354862478248, 2.221105019833669, 2.6735324927828454, 3.13736017838829, 3.607197894482277, 3.9857729350038333, 4.165662704232227, 4.301138367235725, 4.448922153313984, 4.56840621391204, 4.6955536673779035, 4.797810480379169, 4.869405809833378], [0.0, -0.05081347671624542, 0.3514813357596794, 0.6501983514732854, 0.6308536486467355, 0.6311069544443912, 1.0975294217181135, 1.471777748174191, 1.8016138578656087, 2.0947401460774953, 2.3343990746833927, 2.523185824790483, 2.6773969454302793, 2.7580504551077003, 2.818543443527357, 3.506650657949921, 4.158567757633169, 4.621960455004834, 4.791395205155303, 4.806072484448681, 4.881148278154858, 4.9852169578029155, 5.082366851214918, 5.1308022339584936, 5.104107662915722, 5.084043563486328, 5.065228447843537, 5.0471999534904715, 4.97003602333235, 4.917112915775607, 4.890116978042912]]}