{"AgentID": 0, "GroupID": 1, "Traj": [[2.0, 2.0, 1.908902037413585, 1.7182180085637995, 1.5579241319076562, 1.3526257834227662, 1.193670466332064, 1.0844655250400006, 1.0368757815673515, 1.0325973688154655, 1.0467402954760285, 1.0772059206535696, 1.1254979127733449, 1.2379948055640488, 1.4251622873988512, 1.6726228694153138, 1.9704931995118373, 2.290654858811806, 2.5591983959258133, 2.8662024180379895, 3.0166471280727887, 3.097584266626963, 3.180049689385503, 3.1716480165582066, 3.12873707508701, 3.0965508418501053, 3.0724127979774396, 3.054309789814272, 3.0407317975072052, 3.0305489755387383, 3.0229116340068916], [0.0, -4.295219868340964e-21, 0.07665116356497786, 0.15282779482655262, 0.18483345786294061, 0.19995771939088952, 0.29790312748523606, 0.4964430580675402, 0.7548850300396747, 1.0655417326572239, 1.4191197310671801, 1.80767973346599, 2.2714809120455106, 2.7199557700695887, 3.129902463152817, 3.4522558896135593, 3.7430302532633224, 4.027265560175594, 4.126879897016642, 4.179450297810518, 4.161565622144486, 4.157778852114332, 4.260524936119911, 4.399670739117584, 4.549751240272222, 4.662312639637267, 4.246733803186334, 3.935053347086095, 3.701283965896281, 3.525965132345951, 3.394472284239055]]}