{"AgentID": 0, "GroupID": 2, "Traj": [[5.0, 5.0, 5.086336681508937, 5.033520242232965, 4.870131402523411, 4.742370180934066, 4.699470694169371, 4.774378732329449, 4.838900174928184, 4.965164118634777, 5.00070798770851, 4.981619586546927, 4.919071233400261, 4.8210151430124215, 4.68488553873055, 4.506065270503024, 4.286182460586227, 4.0419536133465295, 3.8617025100076265, 3.6899035216032066, 3.7397108694858763, 3.696342961421311, 3.449420836617976, 3.165169910759757, 2.873874289305168, 2.6554056940006956, 2.4915544319442864, 2.3686665440965307, 2.2764972182061833, 2.2073728470772624, 2.1555290364907274], [0.0, -4.295219868340964e-21, 0.07674752605354142, 0.1772839864286521, 0.2715894713365808, 0.37523767170027, 0.500745385320883, 0.659244557252022, 0.8371182471527264, 1.0692676631575024, 1.3562330460802587, 1.6909776468073758, 2.0520317803258976, 2.4155843824014305, 2.7824986884668133, 3.156660004996204, 3.535244000469509, 3.919443067333783, 4.0923338569008125, 4.111433599981074, 3.927086539892175, 3.6954963960008596, 3.4473723561753276, 3.1780488688722226, 2.8835406056163317, 2.662655433030564, 2.4969917379771833, 2.3727445306989527, 2.2795556849765557, 2.209666696037769, 2.157249416871407]]}