{"AgentID": 1, "GroupID": 0, "Traj": [[0.2, 0.14982652357874712, 0.1388356213785844, 0.39975063766777974, 0.4393350758350841, 0.2671687347382854, 0.20944322796174575, 0.1884956037783304, 0.19285295339826905, 0.2361183162875612, 0.3174223668855882, 0.4326566027997958, 0.6591056310474344, 0.6707218266860618, 0.9041891516789735, 1.1949230383657907, 1.493931632635762, 1.747465547914002, 1.9966610984729956, 1.997495867599709, 1.9981219181990524, 1.9985914474145983, 1.9989435853166844, 1.9992076889416006, 2.69911870327559, 3.274338786903371, 3.7557539270601987, 4.116813713513226, 4.341638996626493, 4.523103837868258, 4.64286004652806], [0.2, 0.14982652357874712, 0.49265374266593354, 0.5476043132729215, 0.5449446984895865, 0.6032537268706416, 0.873233102552287, 1.1331662401881328, 1.407573041659239, 1.678712074439293, 1.973256383417138, 2.2913454709266956, 3.0586269268855415, 3.6042617495744635, 4.334583306414436, 4.631919155209718, 4.9543620590101405, 5.273408773306315, 5.57224250188049, 5.929182412584231, 6.196886803053706, 6.397668588188172, 6.548251339017855, 6.661188484650619, 6.273729388586061, 5.955297243567037, 5.766473134774292, 5.624854983945729, 5.577443451168536, 5.539945984572816, 5.511774763225616]]}