{"AgentID": 2, "GroupID": 0, "Traj": [[0.4, 0.35046652387222893, 0.5581733699234125, 0.8141793792580936, 0.8477385839048687, 0.752187322755645, 0.7024075733253519, 0.6782435115498988, 0.6806325673459958, 0.7327281605957964, 0.8184730888325946, 0.9247819722132521, 1.1867006671955846, 1.2889746480982804, 1.4843690858859795, 1.70707068811044, 1.9640712157296423, 2.2683100561153946, 2.550034894661836, 2.953323460033864, 3.370094949838909, 3.8082018567745917, 4.259411493702371, 4.623292778197973, 4.7911351280702945, 4.916459609577343, 5.064275390948815, 5.166486754111428, 5.251608875165973, 5.295694768374323, 5.350192718148216], [0.4, 0.35046652387222876, 0.4758475326909362, 0.40843649089156586, 0.38794256325101645, 0.645646400726366, 0.8193246105907576, 1.0557280938006632, 1.3217720154816865, 1.646726608209979, 2.0207445564768998, 2.4244524535594096, 3.0568492023803064, 3.5493635010485183, 3.9550057668016008, 4.191797768222163, 4.444951212331709, 4.702800200621151, 4.783489998360938, 4.822211554061653, 4.862802610481704, 4.930512105447655, 5.029181312412704, 5.078814915917476, 5.053104105050975, 5.033866576188703, 5.123203247117556, 5.194123014904305, 5.252146513146353, 5.292657529659746, 5.310396402170398]]}